Workbook
Name SlicerCache_Table_1_Col_1: #N/A

Sheet LichChup
A1: ma_lc | B1: ngay_chup | C1: ma_gc | D1: so_buoi | E1: ten_goi_chup | F1: gia_goi | G1: tien_chup
A2: LC001 | B2: 2026-05-01 | C2: CN01 | D2: 2 | E2: =(VLOOKUP(C2, GoiChup!A$1:C$8, 2, 0)) -> Chup chan dung | F2: =(VLOOKUP(C2, GoiChup!A$1:C$8, 3, 0)) -> 800000 | G2: =D2*F2 -> 1600000
A3: LC002 | B3: 2026-05-02 | C3: CT01 | D3: 5 | E3: =(VLOOKUP(C3, GoiChup!A$1:C$8, 2, 0)) -> Chup anh the | F3: =(VLOOKUP(C3, GoiChup!A$1:C$8, 3, 0)) -> 50000 | G3: =D3*F3 -> 250000
A4: LC003 | B4: 2026-05-03 | C4: CB01 | D4: 1 | E4: =(VLOOKUP(C4, GoiChup!A$1:C$8, 2, 0)) -> Chup be yeu | F4: =(VLOOKUP(C4, GoiChup!A$1:C$8, 3, 0)) -> 900000 | G4: =D4*F4 -> 900000
A5: LC004 | B5: 2026-05-04 | C5: CT01 | D5: 1 | E5: =(VLOOKUP(C5, GoiChup!A$1:C$8, 2, 0)) -> Chup anh the | F5: =(VLOOKUP(C5, GoiChup!A$1:C$8, 3, 0)) -> 50000 | G5: =D5*F5 -> 50000
A6: LC005 | B6: 2026-05-05 | C6: CB01 | D6: 5 | E6: =(VLOOKUP(C6, GoiChup!A$1:C$8, 2, 0)) -> Chup be yeu | F6: =(VLOOKUP(C6, GoiChup!A$1:C$8, 3, 0)) -> 900000 | G6: =D6*F6 -> 4500000
A7: LC006 | B7: 2026-05-06 | C7: CT01 | D7: 2 | E7: =(VLOOKUP(C7, GoiChup!A$1:C$8, 2, 0)) -> Chup anh the | F7: =(VLOOKUP(C7, GoiChup!A$1:C$8, 3, 0)) -> 50000 | G7: =D7*F7 -> 100000
A8: LC007 | B8: 2026-05-07 | C8: CG01 | D8: 5 | E8: =(VLOOKUP(C8, GoiChup!A$1:C$8, 2, 0)) -> Chup gia dinh | F8: =(VLOOKUP(C8, GoiChup!A$1:C$8, 3, 0)) -> 1500000 | G8: =D8*F8 -> 7500000
A9: LC008 | B9: 2026-05-08 | C9: CT01 | D9: 5 | E9: =(VLOOKUP(C9, GoiChup!A$1:C$8, 2, 0)) -> Chup anh the | F9: =(VLOOKUP(C9, GoiChup!A$1:C$8, 3, 0)) -> 50000 | G9: =D9*F9 -> 250000
A10: LC009 | B10: 2026-05-09 | C10: CK01 | D10: 3 | E10: =(VLOOKUP(C10, GoiChup!A$1:C$8, 2, 0)) -> Chup ky yeu lop | F10: =(VLOOKUP(C10, GoiChup!A$1:C$8, 3, 0)) -> 1200000 | G10: =D10*F10 -> 3600000
A11: LC010 | B11: 2026-05-10 | C11: CK01 | D11: 1 | E11: =(VLOOKUP(C11, GoiChup!A$1:C$8, 2, 0)) -> Chup ky yeu lop | F11: =(VLOOKUP(C11, GoiChup!A$1:C$8, 3, 0)) -> 1200000 | G11: =D11*F11 -> 1200000
A12: LC011 | B12: 2026-05-11 | C12: CS01 | D12: 1 | E12: =(VLOOKUP(C12, GoiChup!A$1:C$8, 2, 0)) -> Chup san pham | F12: =(VLOOKUP(C12, GoiChup!A$1:C$8, 3, 0)) -> 600000 | G12: =D12*F12 -> 600000
A13: LC012 | B13: 2026-05-12 | C13: CK01 | D13: 2 | E13: =(VLOOKUP(C13, GoiChup!A$1:C$8, 2, 0)) -> Chup ky yeu lop | F13: =(VLOOKUP(C13, GoiChup!A$1:C$8, 3, 0)) -> 1200000 | G13: =D13*F13 -> 2400000
... A16: LC015 | B16: 2026-05-15 | C16: CC01 | D16: 2 | E16: =(VLOOKUP(C16, GoiChup!A$1:C$8, 2, 0)) -> Chup cuoi trong studio | F16: =(VLOOKUP(C16, GoiChup!A$1:C$8, 3, 0)) -> 2500000 | G16: =D16*F16 -> 5000000

Sheet GoiChup
A1: ma_gc | B1: ten_goi_chup | C1: gia_goi
A2: CN01 | B2: Chup chan dung | C2: 800000
A3: CK01 | B3: Chup ky yeu lop | C3: 1200000
A4: CG01 | B4: Chup gia dinh | C4: 1500000
A5: CS01 | B5: Chup san pham | C5: 600000
A6: CT01 | B6: Chup anh the | C6: 50000
A7: CB01 | B7: Chup be yeu | C7: 900000
A8: CC01 | B8: Chup cuoi trong studio | C8: 2500000
